t9-t13--z0-z1-w4-t15-t10-w5-t7-t8-t14-t12-t17-t13-w2-w3-t6-t11-t16--M1-t14-3378-0.943027260699784-0.9489044590056122,t9,t13,-z0-z1-w4-t15-t10-w5-t7-t8-t14-t12-t17-t13-w2-w3-t6-t11-t16-,M1,t14,0.943027260699784,0.9489044590056122,
t9-t13--z0-z1-w4-t15-t10-w5-t7-t8-t14-t12-t17-t13-w2-w3-t6-t11-t16--M1-t17-3397-0.9414409544161675-0.9617259618815368,t9,t13,-z0-z1-w4-t15-t10-w5-t7-t8-t14-t12-t17-t13-w2-w3-t6-t11-t16-,M1,t17,0.9414409544161675,0.9617259618815368,
t14-t13--z0-z1-w4-t15-t10-w5-t7-t8-w2-w3-t6-t9-t11-t12-t13-t16-t17--M1-t16-3400-0.9472444746124503-0.9684735880920986,t14,t13,-z0-z1-w4-t15-t10-w5-t7-t8-w2-w3-t6-t9-t11-t12-t13-t16-t17-,M1,t16,0.9472444746124503,0.9684735880920986,
t9-t13--z0-z1-w4-t15-t10-w5-t7-t8-t14-t12-t17-t13-w2-w3-t6-t11-t16--M1-t6-3429-0.9398573165258522-0.9402738517535095,t9,t13,-z0-z1-w4-t15-t10-w5-t7-t8-t14-t12-t17-t13-w2-w3-t6-t11-t16-,M1,t6,0.9398573165258522,0.9402738517535095,
t9-t13--z0-z1-w4-t15-t10-w5-t7-t8-t14-t12-t17-t13-w2-w3-t6-t11-t16--M1-t11-3460-0.9382763425402205-0.9433113842292307,t9,t13,-z0-z1-w4-t15-t10-w5-t7-t8-t14-t12-t17-t13-w2-w3-t6-t11-t16-,M1,t11,0.9382763425402205,0.9433113842292307,
z1-t10--z0-w2-w3-w4-w5-t6-t7-t8-t9-t10-t11-t12-t13-t14-t15-t16-t17--M2-w2-3705-0.7602865554706821-0.9442492315243115,z1,t10,-z0-w2-w3-w4-w5-t6-t7-t8-t9-t10-t11-t12-t13-t14-t15-t16-t17-,M2,w2,0.7602865554706821,0.9442492315243115,
z1-t10--z0-w2-w3-w4-w5-t6-t7-t8-t9-t10-t11-t12-t13-t14-t15-t16-t17--M2-w3-3758-0.7582413317434336-0.9424589771646749,z1,t10,-z0-w2-w3-w4-w5-t6-t7-t8-t9-t10-t11-t12-t13-t14-t15-t16-t17-,M2,w3,0.7582413317434336,0.9424589771646749,
w2-t10--z0-z1-w4-t15-t10-w5-t7-t8-t14-t12-t17-t13-t9-t16-w3-t6-t11--M2-t14-3766-0.9417091354002203-0.949585786466227,w2,t10,-z0-z1-w4-t15-t10-w5-t7-t8-t14-t12-t17-t13-t9-t16-w3-t6-t11-,M2,t14,0.9417091354002203,0.949585786466227,
w2-t10--z0-z1-w4-t15-t10-w5-t7-t8-t14-t12-t17-t13-t9-t16-w3-t6-t11--M2-t12-3819-0.9391758723114172-0.9468985774864188,w2,t10,-z0-z1-w4-t15-t10-w5-t7-t8-t14-t12-t17-t13-t9-t16-w3-t6-t11-,M2,t12,0.9391758723114172,0.9468985774864188,
z1-t10--z0-w2-w3-w4-w5-t6-t7-t8-t9-t10-t11-t12-t13-t14-t15-t16-t17--M2-w4-3830-0.7562016098102974-0.7885388890432017,z1,t10,-z0-w2-w3-w4-w5-t6-t7-t8-t9-t10-t11-t12-t13-t14-t15-t16-t17-,M2,w4,0.7562016098102974,0.7885388890432017,
t14-t10--z0-z1-w4-t15-t10-w5-t7-t8-w2-w3-t6-t9-t11-t12-t13-t16-t17--M2-t11-3833-0.9470313346380788-0.9477786772573912,t14,t10,-z0-z1-w4-t15-t10-w5-t7-t8-w2-w3-t6-t9-t11-t12-t13-t16-t17-,M2,t11,0.9470313346380788,0.9477786772573912,
w3-t10--z0-z1-w4-t15-t10-w5-t7-t8-t14-t12-t17-t13-t9-t16-w2-t6-t11--M2-t17-3840-0.9398604024027506-0.9488922629003653,w3,t10,-z0-z1-w4-t15-t10-w5-t7-t8-t14-t12-t17-t13-t9-t16-w2-t6-t11-,M2,t17,0.9398604024027506,0.9488922629003653,
t14-t10--z0-z1-w4-t15-t10-w5-t7-t8-w2-w3-t6-t9-t11-t12-t13-t16-t17--M2-t13-3863-0.9444837544630611-0.945348198997573,t14,t10,-z0-z1-w4-t15-t10-w5-t7-t8-w2-w3-t6-t9-t11-t12-t13-t16-t17-,M2,t13,0.9444837544630611,0.945348198997573,
w2-t10--z0-z1-w4-t15-t10-w5-t7-t8-t14-t12-t17-t13-t9-t16-w3-t6-t11--M2-t9-3878-0.9366494238765617-0.9394280926565327,w2,t10,-z0-z1-w4-t15-t10-w5-t7-t8-t14-t12-t17-t13-t9-t16-w3-t6-t11-,M2,t9,0.9366494238765617,0.9394280926565327,
z1-t10--z0-w2-w3-w4-w5-t6-t7-t8-t9-t10-t11-t12-t13-t14-t15-t16-t17--M2-w5-3886-0.7541673748710644-0.926866361255214,z1,t10,-z0-w2-w3-w4-w5-t6-t7-t8-t9-t10-t11-t12-t13-t14-t15-t16-t17-,M2,w5,0.7541673748710644,0.926866361255214,
t11-t10--z0-z1-w4-t15-t10-w5-t7-t8-t14-t12-t17-t13-t9-t16-w2-w3-t6--M2-t16-3891-0.9451654348667033-0.9464263723925687,t11,t10,-z0-z1-w4-t15-t10-w5-t7-t8-t14-t12-t17-t13-t9-t16-w2-w3-t6-,M2,t16,0.9451654348667033,0.9464263723925687,
w4-t10--z0-z1-w2-w3-w5-t6-t7-t8-t9-t10-t11-t12-t13-t14-t15-t16-t17--M2-t6-3896-0.7863647071366024-0.9383247901715639,w4,t10,-z0-z1-w2-w3-w5-t6-t7-t8-t9-t10-t11-t12-t13-t14-t15-t16-t17-,M2,t6,0.7863647071366024,0.9383247901715639,
z1-t10--z0-w2-w3-w4-w5-t6-t7-t8-t9-t10-t11-t12-t13-t14-t15-t16-t17--M2-t7-3930-0.7521386121653395-0.9289319633659963,z1,t10,-z0-w2-w3-w4-w5-t6-t7-t8-t9-t10-t11-t12-t13-t14-t15-t16-t17-,M2,t7,0.7521386121653395,0.9289319633659963,
w4-t10--z0-z1-w2-w3-w5-t6-t7-t8-t9-t10-t11-t12-t13-t14-t15-t16-t17--M2-t8-3947-0.7842493313671192-0.9318190223952165,w4,t10,-z0-z1-w2-w3-w5-t6-t7-t8-t9-t10-t11-t12-t13-t14-t15-t16-t17-,M2,t8,0.7842493313671192,0.9318190223952165,
z1-t10--z0-w2-w3-w4-w5-t6-t7-t8-t9-t10-t11-t12-t13-t14-t15-t16-t17--M2-t15-3996-0.7501153069724338-0.8588254067776914,z1,t10,-z0-w2-w3-w4-w5-t6-t7-t8-t9-t10-t11-t12-t13-t14-t15-t16-t17-,M2,t15,0.7501153069724338,0.8588254067776914,
t8-t11--z0-z1-w4-t15-t10-w5-t7-w2-w3-t6-t9-t11-t12-t13-t14-t16-t17--M3-w2-4108-0.8676886308960418-0.9016718154129133,t8,t11,-z0-z1-w4-t15-t10-w5-t7-w2-w3-t6-t9-t11-t12-t13-t14-t16-t17-,M3,w2,0.8676886308960418,0.9016718154129133,
t8-t11--z0-z1-w4-t15-t10-w5-t7-w2-w3-t6-t9-t11-t12-t13-t14-t16-t17--M3-w3-4184-0.8654127650876812-0.9023506718545686,t8,t11,-z0-z1-w4-t15-t10-w5-t7-w2-w3-t6-t9-t11-t12-t13-t14-t16-t17-,M3,w3,0.8654127650876812,0.9023506718545686,
w2-t11--z0-z1-w4-t15-t10-w5-t7-t8-t14-t12-t17-t13-t9-t16-w3-t6-t11--M3-t14-4191-0.8993068149023713-0.9206830654225382,w2,t11,-z0-z1-w4-t15-t10-w5-t7-t8-t14-t12-t17-t13-t9-t16-w3-t6-t11-,M3,t14,0.8993068149023713,0.9206830654225382,
w2-t11--z0-z1-w4-t15-t10-w5-t7-t8-t14-t12-t17-t13-t9-t16-w3-t6-t11--M3-t12-4281-0.8969480175661098-0.9202667140612382,w2,t11,-z0-z1-w4-t15-t10-w5-t7-t8-t14-t12-t17-t13-t9-t16-w3-t6-t11-,M3,t12,0.8969480175661098,0.9202667140612382,
t14-t11--z0-z1-w4-t15-t10-w5-t7-t8-w2-w3-t6-t9-t11-t12-t13-t16-t17--M3-t13-4286-0.9182682001882572-0.9259538487092506,t14,t11,-z0-z1-w4-t15-t10-w5-t7-t8-w2-w3-t6-t9-t11-t12-t13-t16-t17-,M3,t13,0.9182682001882572,0.9259538487092506,
t8-t11--z0-z1-w4-t15-t10-w5-t7-w2-w3-t6-t9-t11-t12-t13-t14-t16-t17--M3-t6-4297-0.8631428686616465-0.9028676866147683,t8,t11,-z0-z1-w4-t15-t10-w5-t7-w2-w3-t6-t9-t11-t12-t13-t14-t16-t17-,M3,t6,0.8631428686616465,0.9028676866147683,
w3-t11--z0-z1-w4-t15-t10-w5-t7-t8-t14-t12-t17-t13-t9-t16-w2-t6-t11--M3-t17-4301-0.8999838907673204-0.9272049188693842,w3,t11,-z0-z1-w4-t15-t10-w5-t7-t8-t14-t12-t17-t13-t9-t16-w2-t6-t11-,M3,t17,0.8999838907673204,0.9272049188693842,
t8-t11--z0-z1-w4-t15-t10-w5-t7-w2-w3-t6-t9-t11-t12-t13-t14-t16-t17--M3-t9-4342-0.8608789259608083-0.8970567101417526,t8,t11,-z0-z1-w4-t15-t10-w5-t7-w2-w3-t6-t9-t11-t12-t13-t14-t16-t17-,M3,t9,0.8608789259608083,0.8970567101417526,
w3-t11--z0-z1-w4-t15-t10-w5-t7-t8-t14-t12-t17-t13-t9-t16-w2-t6-t11--M3-t16-4349-0.8976233175246383-0.9277909772297187,w3,t11,-z0-z1-w4-t15-t10-w5-t7-t8-t14-t12-t17-t13-t9-t16-w2-t6-t11-,M3,t16,0.8976233175246383,0.9277909772297187,
w4-z1--z0-z1-w2-w3-w5-t6-t7-t8-t9-t10-t11-t12-t13-t14-t15-t16-t17--M4-w2-4617-0.9084087442307968-0.9188197834731718,w4,z1,-z0-z1-w2-w3-w5-t6-t7-t8-t9-t10-t11-t12-t13-t14-t15-t16-t17-,M4,w2,0.9084087442307968,0.9188197834731718,
w4-z1--z0-z1-w2-w3-w5-t6-t7-t8-t9-t10-t11-t12-t13-t14-t15-t16-t17--M4-w3-4669-0.9071249900616838-0.9179136393703745,w4,z1,-z0-z1-w2-w3-w5-t6-t7-t8-t9-t10-t11-t12-t13-t14-t15-t16-t17-,M4,w3,0.9071249900616838,0.9179136393703745,
w2-z1--z0-z1-w4-t15-t10-w5-t7-t8-t14-t12-t17-t13-t9-t16-w3-t6-t11--M4-t14-4677-0.9174595305590421-0.9194297869590138,w2,z1,-z0-z1-w4-t15-t10-w5-t7-t8-t14-t12-t17-t13-t9-t16-w3-t6-t11-,M4,t14,0.9174595305590421,0.9194297869590138,
w4-z1--z0-z1-w2-w3-w5-t6-t7-t8-t9-t10-t11-t12-t13-t14-t15-t16-t17--M4-w5-4729-0.9058430500811475-0.9132459895619484,w4,z1,-z0-z1-w2-w3-w5-t6-t7-t8-t9-t10-t11-t12-t13-t14-t15-t16-t17-,M4,w5,0.9058430500811475,0.9132459895619484,
w2-z1--z0-z1-w4-t15-t10-w5-t7-t8-t14-t12-t17-t13-t9-t16-w3-t6-t11--M4-t12-4739-0.9161629859090399-0.9180042269490771,w2,z1,-z0-z1-w4-t15-t10-w5-t7-t8-t14-t12-t17-t13-t9-t16-w3-t6-t11-,M4,t12,0.9161629859090399,0.9180042269490771,
t14-z1--z0-z1-w4-t15-t10-w5-t7-t8-w2-w3-t6-t9-t11-t12-t13-t16-t17--M4-t11-4745-0.9181304579623354-0.9184304332890147,t14,z1,-z0-z1-w4-t15-t10-w5-t7-t8-w2-w3-t6-t9-t11-t12-t13-t16-t17-,M4,t11,0.9181304579623354,0.9184304332890147,
w3-z1--z0-z1-w4-t15-t10-w5-t7-t8-t14-t12-t17-t13-t9-t16-w2-t6-t11--M4-t17-4750-0.9165547279436382-0.9194293752649907,w3,z1,-z0-z1-w4-t15-t10-w5-t7-t8-t14-t12-t17-t13-t9-t16-w2-t6-t11-,M4,t17,0.9165547279436382,0.9194293752649907,
w4-z1--z0-z1-w2-w3-w5-t6-t7-t8-t9-t10-t11-t12-t13-t14-t15-t16-t17--M4-t6-4772-0.9045629217253947-0.9160256547994248,w4,z1,-z0-z1-w2-w3-w5-t6-t7-t8-t9-t10-t11-t12-t13-t14-t15-t16-t17-,M4,t6,0.9045629217253947,0.9160256547994248,
w5-z1--z0-z1-w4-t15-t10-w2-w3-t6-t7-t8-t9-t11-t12-t13-t14-t16-t17--M4-t10-4778-0.9119553994460214-0.9120490481046478,w5,z1,-z0-z1-w4-t15-t10-w2-w3-t6-t7-t8-t9-t11-t12-t13-t14-t16-t17-,M4,t10,0.9119553994460214,0.9120490481046478,
t14-z1--z0-z1-w4-t15-t10-w5-t7-t8-w2-w3-t6-t9-t11-t12-t13-t16-t17--M4-t13-4788-0.9168329651644245-0.9173187778414242,t14,z1,-z0-z1-w4-t15-t10-w5-t7-t8-w2-w3-t6-t9-t11-t12-t13-t16-t17-,M4,t13,0.9168329651644245,0.9173187778414242,
w3-z1--z0-z1-w4-t15-t10-w5-t7-t8-t14-t12-t17-t13-t9-t16-w2-t6-t11--M4-t9-4798-0.91525946195166-0.9166384607632986,w3,z1,-z0-z1-w4-t15-t10-w5-t7-t8-t14-t12-t17-t13-t9-t16-w2-t6-t11-,M4,t9,0.91525946195166,0.9166384607632986,
w2-z1--z0-z1-w4-t15-t10-w5-t7-t8-t14-t12-t17-t13-t9-t16-w3-t6-t11--M4-t16-4803-0.9148682735229943-0.9180921441923775,w2,z1,-z0-z1-w4-t15-t10-w5-t7-t8-t14-t12-t17-t13-t9-t16-w3-t6-t11-,M4,t16,0.9148682735229943,0.9180921441923775,
w4-z1--z0-z1-w2-w3-w5-t6-t7-t8-t9-t10-t11-t12-t13-t14-t15-t16-t17--M4-t7-4833-0.9032846024342552-0.9124885354196248,w4,z1,-z0-z1-w2-w3-w5-t6-t7-t8-t9-t10-t11-t12-t13-t14-t15-t16-t17-,M4,t7,0.9032846024342552,0.9124885354196248,
w5-z1--z0-z1-w4-t15-t10-w2-w3-t6-t7-t8-t9-t11-t12-t13-t14-t16-t17--M4-t8-4841-0.910666633179163-0.9135668791418246,w5,z1,-z0-z1-w4-t15-t10-w2-w3-t6-t7-t8-t9-t11-t12-t13-t14-t16-t17-,M4,t8,0.910666633179163,0.9135668791418246,
w4-z1--z0-z1-w2-w3-w5-t6-t7-t8-t9-t10-t11-t12-t13-t14-t15-t16-t17--M4-t15-4890-0.9020080896511772-0.9083790622244058,w4,z1,-z0-z1-w2-w3-w5-t6-t7-t8-t9-t10-t11-t12-t13-t14-t15-t16-t17-,M4,t15,0.9020080896511772,0.9083790622244058,
t9-t11--z0-z1-w4-t15-t10-w5-t7-t8-t14-t12-t17-t13-w2-w3-t6-t11-t16--M5-t14-5278-0.8685820832407594-0.8867881932012204,t9,t11,-z0-z1-w4-t15-t10-w5-t7-t8-t14-t12-t17-t13-w2-w3-t6-t11-t16-,M5,t14,0.8685820832407594,0.8867881932012204,
t9-t11--z0-z1-w4-t15-t10-w5-t7-t8-t14-t12-t17-t13-w2-w3-t6-t11-t16--M5-t12-5336-0.866537261204591-0.8866259675498908,t9,t11,-z0-z1-w4-t15-t10-w5-t7-t8-t14-t12-t17-t13-w2-w3-t6-t11-t16-,M5,t12,0.866537261204591,0.8866259675498908,
t14-t11--z0-z1-w4-t15-t10-w5-t7-t8-w2-w3-t6-t9-t11-t12-t13-t16-t17--M5-t13-5342-0.8846409344009827-0.8920451320936538,t14,t11,-z0-z1-w4-t15-t10-w5-t7-t8-w2-w3-t6-t9-t11-t12-t13-t16-t17-,M5,t13,0.8846409344009827,0.8920451320936538,
t9-t11--z0-z1-w4-t15-t10-w5-t7-t8-t14-t12-t17-t13-w2-w3-t6-t11-t16--M5-t17-5395-0.8644972531028109-0.8912075053394596,t9,t11,-z0-z1-w4-t15-t10-w5-t7-t8-t14-t12-t17-t13-w2-w3-t6-t11-t16-,M5,t17,0.8644972531028109,0.8912075053394596,
t12-t11--z0-z1-w4-t15-t10-w5-t7-t8-t14-w2-w3-t6-t9-t11-t13-t16-t17--M5-t16-5399-0.8845386664746479-0.8941159931147702,t12,t11,-z0-z1-w4-t15-t10-w5-t7-t8-t14-w2-w3-t6-t9-t11-t13-t16-t17-,M5,t16,0.8845386664746479,0.8941159931147702,
t9-t11--z0-z1-w4-t15-t10-w5-t7-t8-t14-t12-t17-t13-w2-w3-t6-t11-t16--M5-w3-5440-0.8624620476024211-0.8630068039796974,t9,t11,-z0-z1-w4-t15-t10-w5-t7-t8-t14-t12-t17-t13-w2-w3-t6-t11-t16-,M5,w3,0.8624620476024211,0.8630068039796974,
t9-t11--z0-z1-w4-t15-t10-w5-t7-t8-t14-t12-t17-t13-w2-w3-t6-t11-t16--M5-t6-5486-0.8604316333971035-0.8637339082843888,t9,t11,-z0-z1-w4-t15-t10-w5-t7-t8-t14-t12-t17-t13-w2-w3-t6-t11-t16-,M5,t6,0.8604316333971035,0.8637339082843888,
t8-w5--z0-z1-w4-t15-t10-w5-t7-w2-w3-t6-t9-t11-t12-t13-t14-t16-t17--M6-t6-5638-0.8815595949183368-0.8834029055056193,t8,w5,-z0-z1-w4-t15-t10-w5-t7-w2-w3-t6-t9-t11-t12-t13-t14-t16-t17-,M6,t6,0.8815595949183368,0.8834029055056193,
t8-w5--z0-z1-w4-t15-t10-w5-t7-w2-w3-t6-t9-t11-t12-t13-t14-t16-t17--M6-t9-5674-0.8799581611148444-0.882426811174562,t8,w5,-z0-z1-w4-t15-t10-w5-t7-w2-w3-t6-t9-t11-t12-t13-t14-t16-t17-,M6,t9,0.8799581611148444,0.882426811174562,
t6-w5--z0-z1-w4-t15-t10-w5-t7-t8-t14-t12-t17-t13-t9-t16-w2-w3-t11--M6-t14-5679-0.8817981231594965-0.8824757002450437,t6,w5,-z0-z1-w4-t15-t10-w5-t7-t8-t14-t12-t17-t13-t9-t16-w2-w3-t11-,M6,t14,0.8817981231594965,0.8824757002450437,
t8-w5--z0-z1-w4-t15-t10-w5-t7-w2-w3-t6-t9-t11-t12-t13-t14-t16-t17--M6-t11-5709-0.8783596364626354-0.8814712274132936,t8,w5,-z0-z1-w4-t15-t10-w5-t7-w2-w3-t6-t9-t11-t12-t13-t14-t16-t17-,M6,t11,0.8783596364626354,0.8814712274132936,
t6-w5--z0-z1-w4-t15-t10-w5-t7-t8-t14-t12-t17-t13-t9-t16-w2-w3-t11--M6-t12-5716-0.8801962560475917-0.88077294555778,t6,w5,-z0-z1-w4-t15-t10-w5-t7-t8-t14-t12-t17-t13-t9-t16-w2-w3-t11-,M6,t12,0.8801962560475917,0.88077294555778,
t14-w5--z0-z1-w4-t15-t10-w5-t7-t8-w2-w3-t6-t9-t11-t12-t13-t16-t17--M6-t13-5720-0.8808132842116995-0.8815224434921751,t14,w5,-z0-z1-w4-t15-t10-w5-t7-t8-w2-w3-t6-t9-t11-t12-t13-t16-t17-,M6,t13,0.8808132842116995,0.8815224434921751,
t9-w5--z0-z1-w4-t15-t10-w5-t7-t8-t14-t12-t17-t13-w2-w3-t6-t11-t16--M6-t17-5725-0.8807644872389091-0.8824426842776408,t9,w5,-z0-z1-w4-t15-t10-w5-t7-t8-t14-t12-t17-t13-w2-w3-t6-t11-t16-,M6,t17,0.8807644872389091,0.8824426842776408,
t6-w5--z0-z1-w4-t15-t10-w5-t7-t8-t14-t12-t17-t13-t9-t16-w2-w3-t11--M6-t16-5755-0.8785972988741148-0.8809303150849148,t6,w5,-z0-z1-w4-t15-t10-w5-t7-t8-t14-t12-t17-t13-t9-t16-w2-w3-t11-,M6,t16,0.8785972988741148,0.8809303150849148,
t6-w3--z0-z1-w4-t15-t10-w5-t7-t8-t14-t12-t17-t13-t9-t16-w2-w3-t11--M7-t17-6179-0.8638878056126836-0.8653987916048824,t6,w3,-z0-z1-w4-t15-t10-w5-t7-t8-t14-t12-t17-t13-t9-t16-w2-w3-t11-,M7,t17,0.8638878056126836,0.8653987916048824,
t6-w3--z0-z1-w4-t15-t10-w5-t7-t8-t14-t12-t17-t13-t9-t16-w2-w3-t11--M7-t13-6213-0.8624346231740698-0.8631499928376983,t6,w3,-z0-z1-w4-t15-t10-w5-t7-t8-t14-t12-t17-t13-t9-t16-w2-w3-t11-,M7,t13,0.8624346231740698,0.8631499928376983,
t17-w3--z0-z1-w4-t15-t10-w5-t7-t8-t14-t12-w2-w3-t6-t9-t11-t13-t16--M7-t16-6217-0.8638848894682747-0.8645021171940103,t17,w3,-z0-z1-w4-t15-t10-w5-t7-t8-t14-t12-w2-w3-t6-t9-t11-t13-t16-,M7,t16,0.8638848894682747,0.8645021171940103,
t6-w3--z0-z1-w4-t15-t10-w5-t7-t8-t14-t12-t17-t13-t9-t16-w2-w3-t11--M7-t9-6249-0.8609838851954729-0.8610995125671652,t6,w3,-z0-z1-w4-t15-t10-w5-t7-t8-t14-t12-t17-t13-t9-t16-w2-w3-t11-,M7,t9,0.8609838851954729,0.8610995125671652,
t13-w3--z0-z1-w4-t15-t10-w5-t7-t8-t14-t12-t17-w2-w3-t6-t9-t11-t16--M7-t11-6253-0.8616980515053493-0.8622896536144508,t13,w3,-z0-z1-w4-t15-t10-w5-t7-t8-t14-t12-t17-w2-w3-t6-t9-t11-t16-,M7,t11,0.8616980515053493,0.8622896536144508,
t12-w3--z0-z1-w4-t15-t10-w5-t7-t8-t14-w2-w3-t6-t9-t11-t13-t16-t17--M8-t6-6591-0.8450140078480757-0.8459261732589869,t12,w3,-z0-z1-w4-t15-t10-w5-t7-t8-t14-w2-w3-t6-t9-t11-t13-t16-t17-,M8,t6,0.8450140078480757,0.8459261732589869,
t12-w3--z0-z1-w4-t15-t10-w5-t7-t8-t14-w2-w3-t6-t9-t11-t13-t16-t17--M8-t9-6651-0.8429111350484906-0.8439343529313322,t12,w3,-z0-z1-w4-t15-t10-w5-t7-t8-t14-w2-w3-t6-t9-t11-t13-t16-t17-,M8,t9,0.8429111350484906,0.8439343529313322,
t6-w3--z0-z1-w4-t15-t10-w5-t7-t8-t14-t12-t17-t13-t9-t16-w2-w3-t11--M8-t17-6659-0.8438210304759299-0.8452969186047901,t6,w3,-z0-z1-w4-t15-t10-w5-t7-t8-t14-t12-t17-t13-t9-t16-w2-w3-t11-,M8,t17,0.8438210304759299,0.8452969186047901,
t12-w3--z0-z1-w4-t15-t10-w5-t7-t8-t14-w2-w3-t6-t9-t11-t13-t16-t17--M8-t11-6722-0.8408134953858359-0.8429976809921236,t12,w3,-z0-z1-w4-t15-t10-w5-t7-t8-t14-w2-w3-t6-t9-t11-t13-t16-t17-,M8,t11,0.8408134953858359,0.8429976809921236,
t9-w3--z0-z1-w4-t15-t10-w5-t7-t8-t14-t12-t17-t13-w2-w3-t6-t11-t16--M8-t13-6728-0.8418341669238433-0.8424193147738209,t9,w3,-z0-z1-w4-t15-t10-w5-t7-t8-t14-t12-t17-t13-w2-w3-t6-t11-t16-,M8,t13,0.8418341669238433,0.8424193147738209,
t6-w3--z0-z1-w4-t15-t10-w5-t7-t8-t14-t12-t17-t13-t9-t16-w2-w3-t11--M8-t16-6740-0.8417211264788063-0.8437957858099209,t6,w3,-z0-z1-w4-t15-t10-w5-t7-t8-t14-t12-t17-t13-t9-t16-w2-w3-t11-,M8,t16,0.8417211264788063,0.8437957858099209,
t6-t8--z0-z1-w4-t15-t10-w5-t7-t8-t14-t12-t17-t13-t9-t16-w2-w3-t11--M9-t14-7166-0.8181835683836108-0.8285308637390775,t6,t8,-z0-z1-w4-t15-t10-w5-t7-t8-t14-t12-t17-t13-t9-t16-w2-w3-t11-,M9,t14,0.8181835683836108,0.8285308637390775,
t6-t8--z0-z1-w4-t15-t10-w5-t7-t8-t14-t12-t17-t13-t9-t16-w2-w3-t11--M9-t12-7223-0.8168622745665953-0.827086339336544,t6,t8,-z0-z1-w4-t15-t10-w5-t7-t8-t14-t12-t17-t13-t9-t16-w2-w3-t11-,M9,t12,0.8168622745665953,0.827086339336544,
t14-t8--z0-z1-w4-t15-t10-w5-t7-t8-w2-w3-t6-t9-t11-t12-t13-t16-t17--M9-t9-7224-0.8271928599587918-0.8272235676516505,t14,t8,-z0-z1-w4-t15-t10-w5-t7-t8-w2-w3-t6-t9-t11-t12-t13-t16-t17-,M9,t9,0.8271928599587918,0.8272235676516505,
t14-t8--z0-z1-w4-t15-t10-w5-t7-t8-w2-w3-t6-t9-t11-t12-t13-t16-t17--M9-t11-7273-0.8258570169358108-0.8267535720618283,t14,t8,-z0-z1-w4-t15-t10-w5-t7-t8-w2-w3-t6-t9-t11-t12-t13-t16-t17-,M9,t11,0.8258570169358108,0.8267535720618283,
t6-t8--z0-z1-w4-t15-t10-w5-t7-t8-t14-t12-t17-t13-t9-t16-w2-w3-t11--M9-t17-7284-0.8155431145217776-0.8278062210807553,t6,t8,-z0-z1-w4-t15-t10-w5-t7-t8-t14-t12-t17-t13-t9-t16-w2-w3-t11-,M9,t17,0.8155431145217776,0.8278062210807553,
t9-t8--z0-z1-w4-t15-t10-w5-t7-t8-t14-t12-t17-t13-w2-w3-t6-t11-t16--M9-t13-7289-0.8258320596878743-0.8267359982856453,t9,t8,-z0-z1-w4-t15-t10-w5-t7-t8-t14-t12-t17-t13-w2-w3-t6-t11-t16-,M9,t13,0.8258320596878743,0.8267359982856453,
t12-t8--z0-z1-w4-t15-t10-w5-t7-t8-t14-w2-w3-t6-t9-t11-t13-t16-t17--M9-t16-7291-0.825695062210356-0.8278737659564024,t12,t8,-z0-z1-w4-t15-t10-w5-t7-t8-t14-w2-w3-t6-t9-t11-t13-t16-t17-,M9,t16,0.825695062210356,0.8278737659564024,
t10-t8--z0-z1-w4-t15-w2-w3-w5-t6-t7-t8-t9-t11-t12-t13-t14-t16-t17--M10-w2-7660-0.7734085193442951-0.8016384259064927,t10,t8,-z0-z1-w4-t15-w2-w3-w5-t6-t7-t8-t9-t11-t12-t13-t14-t16-t17-,M10,w2,0.7734085193442951,0.8016384259064927,
t10-t8--z0-z1-w4-t15-w2-w3-w5-t6-t7-t8-t9-t11-t12-t13-t14-t16-t17--M10-w3-7731-0.7715877555801895-0.8005913563655414,t10,t8,-z0-z1-w4-t15-w2-w3-w5-t6-t7-t8-t9-t11-t12-t13-t14-t16-t17-,M10,w3,0.7715877555801895,0.8005913563655414,
w2-t8--z0-z1-w4-t15-t10-w5-t7-t8-t14-t12-t17-t13-t9-t16-w3-t6-t11--M10-t14-7739-0.7997512030982379-0.8116322368313236,w2,t8,-z0-z1-w4-t15-t10-w5-t7-t8-t14-t12-t17-t13-t9-t16-w3-t6-t11-,M10,t14,0.7997512030982379,0.8116322368313236,
w2-t8--z0-z1-w4-t15-t10-w5-t7-t8-t14-t12-t17-t13-t9-t16-w3-t6-t11--M10-t12-7813-0.797868423203163-0.8096172157530741,w2,t8,-z0-z1-w4-t15-t10-w5-t7-t8-t14-t12-t17-t13-t9-t16-w3-t6-t11-,M10,t12,0.797868423203163,0.8096172157530741,
t10-t8--z0-z1-w4-t15-w2-w3-w5-t6-t7-t8-t9-t11-t12-t13-t14-t16-t17--M10-t6-7822-0.7697712782709158-0.7996090963354993,t10,t8,-z0-z1-w4-t15-w2-w3-w5-t6-t7-t8-t9-t11-t12-t13-t14-t16-t17-,M10,t6,0.7697712782709158,0.7996090963354993,
w3-t8--z0-z1-w4-t15-t10-w5-t7-t8-t14-t12-t17-t13-t9-t16-w2-t6-t11--M10-t17-7828-0.7987065985757483-0.8116326072686277,w3,t8,-z0-z1-w4-t15-t10-w5-t7-t8-t14-t12-t17-t13-t9-t16-w2-t6-t11-,M10,t17,0.7987065985757483,0.8116326072686277,
t14-t8--z0-z1-w4-t15-t10-w5-t7-t8-w2-w3-t6-t9-t11-t12-t13-t16-t17--M10-t9-7835-0.8097214865232519-0.8097515456302776,t14,t8,-z0-z1-w4-t15-t10-w5-t7-t8-w2-w3-t6-t9-t11-t12-t13-t16-t17-,M10,t9,0.8097214865232519,0.8097515456302776,
w2-t8--z0-z1-w4-t15-t10-w5-t7-t8-t14-t12-t17-t13-t9-t16-w3-t6-t11--M10-t13-7880-0.7959900757617306-0.8087294734388779,w2,t8,-z0-z1-w4-t15-t10-w5-t7-t8-t14-t12-t17-t13-t9-t16-w3-t6-t11-,M10,t13,0.7959900757617306,0.8087294734388779,
t10-t8--z0-z1-w4-t15-w2-w3-w5-t6-t7-t8-t9-t11-t12-t13-t14-t16-t17--M10-t11-7892-0.7679590773252718-0.8086922033802526,t10,t8,-z0-z1-w4-t15-w2-w3-w5-t6-t7-t8-t9-t11-t12-t13-t14-t16-t17-,M10,t11,0.7679590773252718,0.8086922033802526,
w3-t8--z0-z1-w4-t15-t10-w5-t7-t8-t14-t12-t17-t13-t9-t16-w2-t6-t11--M10-t16-7899-0.7968262778959715-0.8098424602341485,w3,t8,-z0-z1-w4-t15-t10-w5-t7-t8-t14-t12-t17-t13-t9-t16-w2-t6-t11-,M10,t16,0.7968262778959715,0.8098424602341485,
w5-t13--z0-z1-w4-t15-t10-w2-w3-t6-t7-t8-t9-t11-t12-t13-t14-t16-t17--M11-t15-8210-0.6971729845558367-0.7072355542175323,w5,t13,-z0-z1-w4-t15-t10-w2-w3-t6-t7-t8-t9-t11-t12-t13-t14-t16-t17-,M11,t15,0.6971729845558367,0.7072355542175323,
w5-t13--z0-z1-w4-t15-t10-w2-w3-t6-t7-t8-t9-t11-t12-t13-t14-t16-t17--M11-w2-8260-0.6960939871191968-0.7720275756620212,w5,t13,-z0-z1-w4-t15-t10-w2-w3-t6-t7-t8-t9-t11-t12-t13-t14-t16-t17-,M11,w2,0.6960939871191968,0.7720275756620212,
t15-t13--z0-z1-w4-w2-w3-w5-t6-t7-t8-t9-t10-t11-t12-t13-t14-t16-t17--M11-w3-8270-0.7060934315924015-0.7739453896403691,t15,t13,-z0-z1-w4-w2-w3-w5-t6-t7-t8-t9-t10-t11-t12-t13-t14-t16-t17-,M11,w3,0.7060934315924015,0.7739453896403691,
w5-t13--z0-z1-w4-t15-t10-w2-w3-t6-t7-t8-t9-t11-t12-t13-t14-t16-t17--M11-t6-8317-0.6950166596202827-0.7748188254305177,w5,t13,-z0-z1-w4-t15-t10-w2-w3-t6-t7-t8-t9-t11-t12-t13-t14-t16-t17-,M11,t6,0.6950166596202827,0.7748188254305177,
w2-t13--z0-z1-w4-t15-t10-w5-t7-t8-t14-t12-t17-t13-t9-t16-w3-t6-t11--M11-t14-8323-0.7708327276205623-0.7793023248597087,w2,t13,-z0-z1-w4-t15-t10-w5-t7-t8-t14-t12-t17-t13-t9-t16-w3-t6-t11-,M11,t14,0.7708327276205623,0.7793023248597087,
t15-t13--z0-z1-w4-w2-w3-w5-t6-t7-t8-t9-t10-t11-t12-t13-t14-t16-t17--M11-t7-8335-0.705000628199852-0.7085110772634606,t15,t13,-z0-z1-w4-w2-w3-w5-t6-t7-t8-t9-t10-t11-t12-t13-t14-t16-t17-,M11,t7,0.705000628199852,0.7085110772634606,
w3-t13--z0-z1-w4-t15-t10-w5-t7-t8-t14-t12-t17-t13-t9-t16-w2-t6-t11--M11-t17-8341-0.7726955365541481-0.7910564791373746,w3,t13,-z0-z1-w4-t15-t10-w5-t7-t8-t14-t12-t17-t13-t9-t16-w2-t6-t11-,M11,t17,0.7726955365541481,0.7910564791373746,
w2-t13--z0-z1-w4-t15-t10-w5-t7-t8-t14-t12-t17-t13-t9-t16-w3-t6-t11--M11-t9-8374-0.7696397288159534-0.773276948941886,w2,t13,-z0-z1-w4-t15-t10-w5-t7-t8-t14-t12-t17-t13-t9-t16-w3-t6-t11-,M11,t9,0.7696397288159534,0.773276948941886,
t14-t13--z0-z1-w4-t15-t10-w5-t7-t8-w2-w3-t6-t9-t11-t12-t13-t16-t17--M11-t16-8380-0.7780962178683043-0.7955344752030513,t14,t13,-z0-z1-w4-t15-t10-w5-t7-t8-w2-w3-t6-t9-t11-t12-t13-t16-t17-,M11,t16,0.7780962178683043,0.7955344752030513,
w5-t13--z0-z1-w4-t15-t10-w2-w3-t6-t7-t8-t9-t11-t12-t13-t14-t16-t17--M11-t8-8390-0.6939409994745729-0.719519882023879,w5,t13,-z0-z1-w4-t15-t10-w2-w3-t6-t7-t8-t9-t11-t12-t13-t14-t16-t17-,M11,t8,0.6939409994745729,0.719519882023879,
t6-t13--z0-z1-w4-t15-t10-w5-t7-t8-t14-t12-t17-t13-t9-t16-w2-w3-t11--M11-t11-8394-0.7735675618230475-0.777374207799863,t6,t13,-z0-z1-w4-t15-t10-w5-t7-t8-t14-t12-t17-t13-t9-t16-w2-w3-t11-,M11,t11,0.7735675618230475,0.777374207799863,
t15-t13--z0-z1-w4-w2-w3-w5-t6-t7-t8-t9-t10-t11-t12-t13-t14-t16-t17--M11-t12-8402-0.7039095161121658-0.7460317978401018,t15,t13,-z0-z1-w4-w2-w3-w5-t6-t7-t8-t9-t10-t11-t12-t13-t14-t16-t17-,M11,t12,0.7039095161121658,0.7460317978401018,
t12-t7--z0-z1-w4-t15-t10-w5-t7-t8-t14-w2-w3-t6-t9-t11-t13-t16-t17--M12-t14-8675-0.7854819189789652-0.7855664209721502,t12,t7,-z0-z1-w4-t15-t10-w5-t7-t8-t14-w2-w3-t6-t9-t11-t13-t16-t17-,M12,t14,0.7854819189789652,0.7855664209721502,
t12-t7--z0-z1-w4-t15-t10-w5-t7-t8-t14-w2-w3-t6-t9-t11-t13-t16-t17--M12-t9-8705-0.7843190640987091-0.7844278987575501,t12,t7,-z0-z1-w4-t15-t10-w5-t7-t8-t14-w2-w3-t6-t9-t11-t13-t16-t17-,M12,t9,0.7843190640987091,0.7844278987575501,
t14-t7--z0-z1-w4-t15-t10-w5-t7-t8-w2-w3-t6-t9-t11-t12-t13-t16-t17--M12-t11-8708-0.7844034409921905-0.7851371429226717,t14,t7,-z0-z1-w4-t15-t10-w5-t7-t8-w2-w3-t6-t9-t11-t12-t13-t16-t17-,M12,t11,0.7844034409921905,0.7851371429226717,
t14-t7--z0-z1-w4-t15-t10-w5-t7-t8-w2-w3-t6-t9-t11-t12-t13-t16-t17--M12-t13-8738-0.7832421827284316-0.7840249894521204,t14,t7,-z0-z1-w4-t15-t10-w5-t7-t8-w2-w3-t6-t9-t11-t12-t13-t16-t17-,M12,t13,0.7832421827284316,0.7840249894521204,
t11-t7--z0-z1-w4-t15-t10-w5-t7-t8-t14-t12-t17-t13-t9-t16-w2-w3-t6--M12-t17-8744-0.7839747984609369-0.7849143982890782,t11,t7,-z0-z1-w4-t15-t10-w5-t7-t8-t14-t12-t17-t13-t9-t16-w2-w3-t6-,M12,t17,0.7839747984609369,0.7849143982890782,
t12-t7--z0-z1-w4-t15-t10-w5-t7-t8-t14-w2-w3-t6-t9-t11-t13-t16-t17--M12-t16-8753-0.7831579307494517-0.7849976956639161,t12,t7,-z0-z1-w4-t15-t10-w5-t7-t8-t14-w2-w3-t6-t9-t11-t13-t16-t17-,M12,t16,0.7831579307494517,0.7849976956639161,
t11-w3--z0-z1-w4-t15-t10-w5-t7-t8-t14-t12-t17-t13-t9-t16-w2-w3-t6--M13-t17-9254-0.7683411041030774-0.7685194369932938,t11,w3,-z0-z1-w4-t15-t10-w5-t7-t8-t14-t12-t17-t13-t9-t16-w2-w3-t6-,M13,t17,0.7683411041030774,0.7685194369932938,
t7-t10--z0-z1-w4-t15-t10-w5-w2-w3-t6-t8-t9-t11-t12-t13-t14-t16-t17--M2-w3-9278-0.7570652285840312-0.7619075532438562,t7,t10,-z0-z1-w4-t15-t10-w5-w2-w3-t6-t8-t9-t11-t12-t13-t14-t16-t17-,M2,w3,0.7570652285840312,0.7619075532438562,
t11-w3--z0-z1-w4-t15-t10-w5-t7-t8-t14-t12-t17-t13-t9-t16-w2-w3-t6--M13-t16-9348-0.7668936958966145-0.7676197495587223,t11,w3,-z0-z1-w4-t15-t10-w5-t7-t8-t14-t12-t17-t13-t9-t16-w2-w3-t6-,M13,t16,0.7668936958966145,0.7676197495587223,
t6-z1--z0-z1-w4-t15-t10-w5-t7-t8-t14-t12-t17-t13-t9-t16-w2-w3-t11--M14-t14-9822-0.7547866248744496-0.7555027079184308,t6,z1,-z0-z1-w4-t15-t10-w5-t7-t8-t14-t12-t17-t13-t9-t16-w2-w3-t11-,M14,t14,0.7547866248744496,0.7555027079184308,
t6-z1--z0-z1-w4-t15-t10-w5-t7-t8-t14-t12-t17-t13-t9-t16-w2-w3-t11--M14-t12-9946-0.7533140190732569-0.7539250358694143,t6,z1,-z0-z1-w4-t15-t10-w5-t7-t8-t14-t12-t17-t13-t9-t16-w2-w3-t11-,M14,t12,0.7533140190732569,0.7539250358694143,
t14-z1--z0-z1-w4-t15-t10-w5-t7-t8-w2-w3-t6-t9-t11-t12-t13-t16-t17--M14-t11-9959-0.7539779286619304-0.7542242714049419,t14,z1,-z0-z1-w4-t15-t10-w5-t7-t8-w2-w3-t6-t9-t11-t12-t13-t16-t17-,M14,t11,0.7539779286619304,0.7542242714049419,
t6-z1--z0-z1-w4-t15-t10-w5-t7-t8-t14-t12-t17-t13-t9-t16-w2-w3-t11--M14-t17-10066-0.7518442863593372-0.7536222524111585,t6,z1,-z0-z1-w4-t15-t10-w5-t7-t8-t14-t12-t17-t13-t9-t16-w2-w3-t11-,M14,t17,0.7518442863593372,0.7536222524111585,
t12-z1--z0-z1-w4-t15-t10-w5-t7-t8-t14-w2-w3-t6-t9-t11-t13-t16-t17--M14-t13-10079-0.7524541110478856-0.7529563441558552,t12,z1,-z0-z1-w4-t15-t10-w5-t7-t8-t14-w2-w3-t6-t9-t11-t13-t16-t17-,M14,t13,0.7524541110478856,0.7529563441558552,
t14-z1--z0-z1-w4-t15-t10-w5-t7-t8-w2-w3-t6-t9-t11-t12-t13-t16-t17--M14-t16-10117-0.7525069006453654-0.7535403941427452,t14,z1,-z0-z1-w4-t15-t10-w5-t7-t8-w2-w3-t6-t9-t11-t12-t13-t16-t17-,M14,t16,0.7525069006453654,0.7535403941427452,
t6-z1--z0-z1-w4-t15-t10-w5-t7-t8-t14-t12-t17-t13-t9-t16-w2-w3-t11--M14-t9-10230-0.750377421127232-0.7509299788638724,t6,z1,-z0-z1-w4-t15-t10-w5-t7-t8-t14-t12-t17-t13-t9-t16-w2-w3-t11-,M14,t9,0.750377421127232,0.7509299788638724,
t7-t11--z0-z1-w4-t15-t10-w5-w2-w3-t6-t8-t9-t11-t12-t13-t14-t16-t17--M15-w2-10617-0.6770648170268919-0.7137303922840512,t7,t11,-z0-z1-w4-t15-t10-w5-w2-w3-t6-t8-t9-t11-t12-t13-t14-t16-t17-,M15,w2,0.6770648170268919,0.7137303922840512,
t7-t11--z0-z1-w4-t15-t10-w5-w2-w3-t6-t8-t9-t11-t12-t13-t14-t16-t17--M15-w3-10670-0.6752434655657817-0.7142196513305912,t7,t11,-z0-z1-w4-t15-t10-w5-w2-w3-t6-t8-t9-t11-t12-t13-t14-t16-t17-,M15,w3,0.6752434655657817,0.7142196513305912,
w2-t11--z0-z1-w4-t15-t10-w5-t7-t8-t14-t12-t17-t13-t9-t16-w3-t6-t11--M15-t14-10675-0.711762474497552-0.7286808528680834,w2,t11,-z0-z1-w4-t15-t10-w5-t7-t8-t14-t12-t17-t13-t9-t16-w3-t6-t11-,M15,t14,0.711762474497552,0.7286808528680834,
t7-t11--z0-z1-w4-t15-t10-w5-w2-w3-t6-t8-t9-t11-t12-t13-t14-t16-t17--M15-t6-10718-0.6734270136668131-0.7145807505512736,t7,t11,-z0-z1-w4-t15-t10-w5-w2-w3-t6-t8-t9-t11-t12-t13-t14-t16-t17-,M15,t6,0.6734270136668131,0.7145807505512736,
w3-t11--z0-z1-w4-t15-t10-w5-t7-t8-t14-t12-t17-t13-t9-t16-w2-t6-t11--M15-t12-10723-0.7122983507803473-0.7283513287609962,w3,t11,-z0-z1-w4-t15-t10-w5-t7-t8-t14-t12-t17-t13-t9-t16-w2-t6-t11-,M15,t12,0.7122983507803473,0.7283513287609962,
w2-t11--z0-z1-w4-t15-t10-w5-t7-t8-t14-t12-t17-t13-t9-t16-w3-t6-t11--M15-t17-10731-0.7098477839239344-0.7337932009580419,w2,t11,-z0-z1-w4-t15-t10-w5-t7-t8-t14-t12-t17-t13-t9-t16-w3-t6-t11-,M15,t17,0.7098477839239344,0.7337932009580419,
t14-t11--z0-z1-w4-t15-t10-w5-t7-t8-w2-w3-t6-t9-t11-t12-t13-t16-t17--M15-t13-10735-0.726671713245415-0.7327537526506853,t14,t11,-z0-z1-w4-t15-t10-w5-t7-t8-w2-w3-t6-t9-t11-t12-t13-t16-t17-,M15,t13,0.726671713245415,0.7327537526506853,
w3-t11--z0-z1-w4-t15-t10-w5-t7-t8-t14-t12-t17-t13-t9-t16-w2-t6-t11--M15-t16-10773-0.7103822186622482-0.7342570095848345,w3,t11,-z0-z1-w4-t15-t10-w5-t7-t8-t14-t12-t17-t13-t9-t16-w2-t6-t11-,M15,t16,0.7103822186622482,0.7342570095848345,
t7-t11--z0-z1-w4-t15-t10-w5-w2-w3-t6-t8-t9-t11-t12-t13-t14-t16-t17--M15-t8-10778-0.6716154481498231-0.6813025792490307,t7,t11,-z0-z1-w4-t15-t10-w5-w2-w3-t6-t8-t9-t11-t12-t13-t14-t16-t17-,M15,t8,0.6716154481498231,0.6813025792490307,
w2-t11--z0-z1-w4-t15-t10-w5-t7-t8-t14-t12-t17-t13-t9-t16-w3-t6-t11--M15-t9-10788-0.7079382440011647-0.709885996600302,w2,t11,-z0-z1-w4-t15-t10-w5-t7-t8-t14-t12-t17-t13-t9-t16-w3-t6-t11-,M15,t9,0.7079382440011647,0.709885996600302,
t8-t11--z0-z1-w4-t15-t10-w5-t7-w2-w3-t6-t9-t11-t12-t13-t14-t16-t17--M3-w3-10838-0.6794698279127225-0.7084712410728518,t8,t11,-z0-z1-w4-t15-t10-w5-t7-w2-w3-t6-t9-t11-t12-t13-t14-t16-t17-,M3,w3,0.6794698279127225,0.7084712410728518,
t8-z1--z0-z1-w4-t15-t10-w5-t7-w2-w3-t6-t9-t11-t12-t13-t14-t16-t17--M4-w3-10906-0.7303402986362806-0.7307085982144267,t8,z1,-z0-z1-w4-t15-t10-w5-t7-w2-w3-t6-t9-t11-t12-t13-t14-t16-t17-,M4,w3,0.7303402986362806,0.7307085982144267,
t9-t11--z0-z1-w4-t15-t10-w5-t7-t8-t14-t12-t17-t13-w2-w3-t6-t11-t16--M5-w3-10958-0.7051690036404906-0.7056144091083126,t9,t11,-z0-z1-w4-t15-t10-w5-t7-t8-t14-t12-t17-t13-w2-w3-t6-t11-t16-,M5,w3,0.7051690036404906,0.7056144091083126,
t10-t8--z0-z1-w4-t15-w2-w3-w5-t6-t7-t8-t9-t11-t12-t13-t14-t16-t17--M10-w3-11033-0.6916078337447349-0.7176050289631523,t10,t8,-z0-z1-w4-t15-w2-w3-w5-t6-t7-t8-t9-t11-t12-t13-t14-t16-t17-,M10,w3,0.6916078337447349,0.7176050289631523,
w4-t10--z0-z1-w2-w3-w5-t6-t7-t8-t9-t10-t11-t12-t13-t14-t15-t16-t17--M2-w3-11101-0.6047727913663273-0.7208779246958429,w4,t10,-z0-z1-w2-w3-w5-t6-t7-t8-t9-t10-t11-t12-t13-t14-t15-t16-t17-,M2,w3,0.6047727913663273,0.7208779246958429,
t10-t9--z0-z1-w4-t15-w2-w3-w5-t6-t7-t8-t9-t11-t12-t13-t14-t16-t17--M16-w2-11150-0.6835917537563656-0.7078915082136469,t10,t9,-z0-z1-w4-t15-w2-w3-w5-t6-t7-t8-t9-t11-t12-t13-t14-t16-t17-,M16,w2,0.6835917537563656,0.7078915082136469,
t7-t11--z0-z1-w4-t15-t10-w5-w2-w3-t6-t8-t9-t11-t12-t13-t14-t16-t17--M15-w3-11165-0.6621843767098431-0.7004067699551795,t7,t11,-z0-z1-w4-t15-t10-w5-w2-w3-t6-t8-t9-t11-t12-t13-t14-t16-t17-,M15,w3,0.6621843767098431,0.7004067699551795,
t10-t9--z0-z1-w4-t15-w2-w3-w5-t6-t7-t8-t9-t11-t12-t13-t14-t16-t17--M16-t6-11205-0.6819365124932576-0.7087878292299662,t10,t9,-z0-z1-w4-t15-w2-w3-w5-t6-t7-t8-t9-t11-t12-t13-t14-t16-t17-,M16,t6,0.6819365124932576,0.7087878292299662,
w5-t10--z0-z1-w4-t15-t10-w2-w3-t6-t7-t8-t9-t11-t12-t13-t14-t16-t17--M2-w2-11211-0.7093333233176857-0.7168203274981295,w5,t10,-z0-z1-w4-t15-t10-w2-w3-t6-t7-t8-t9-t11-t12-t13-t14-t16-t17-,M2,w2,0.7093333233176857,0.7168203274981295,
t7-t13--z0-z1-w4-t15-t10-w5-w2-w3-t6-t8-t9-t11-t12-t13-t14-t16-t17--M11-w3-11226-0.6425979619563232-0.7008585069985138,t7,t13,-z0-z1-w4-t15-t10-w5-w2-w3-t6-t8-t9-t11-t12-t13-t14-t16-t17-,M11,w3,0.6425979619563232,0.7008585069985138,
t9-t11--z0-z1-w4-t15-t10-w5-t7-t8-t14-t12-t17-t13-w2-w3-t6-t11-t16--M3-w3-11263-0.6970012942692665-0.6974415407717998,t9,t11,-z0-z1-w4-t15-t10-w5-t7-t8-t14-t12-t17-t13-w2-w3-t6-t11-t16-,M3,w3,0.6970012942692665,0.6974415407717998,
t10-t9--z0-z1-w4-t15-w2-w3-w5-t6-t7-t8-t9-t11-t12-t13-t14-t16-t17--M16-t8-11279-0.6802852792124343-0.6856518182528287,t10,t9,-z0-z1-w4-t15-w2-w3-w5-t6-t7-t8-t9-t11-t12-t13-t14-t16-t17-,M16,t8,0.6802852792124343,0.6856518182528287,
t6-t9--z0-z1-w4-t15-t10-w5-t7-t8-t14-t12-t17-t13-t9-t16-w2-w3-t11--M16-t14-11285-0.7070715784775495-0.7153567848630411,t6,t9,-z0-z1-w4-t15-t10-w5-t7-t8-t14-t12-t17-t13-t9-t16-w2-w3-t11-,M16,t14,0.7070715784775495,0.7153567848630411,
w2-t9--z0-z1-w4-t15-t10-w5-t7-t8-t14-t12-t17-t13-t9-t16-w3-t6-t11--M16-t12-11299-0.704230335265208-0.7160810703388194,w2,t9,-z0-z1-w4-t15-t10-w5-t7-t8-t14-t12-t17-t13-t9-t16-w3-t6-t11-,M16,t12,0.704230335265208,0.7160810703388194,
t9-t11--z0-z1-w4-t15-t10-w5-t7-t8-t14-t12-t17-t13-w2-w3-t6-t11-t16--M5-w3-11340-0.6951731253184151-0.6956122170957085,t9,t11,-z0-z1-w4-t15-t10-w5-t7-t8-t14-t12-t17-t13-w2-w3-t6-t11-t16-,M5,w3,0.6951731253184151,0.6956122170957085,
t10-t9--z0-z1-w4-t15-w2-w3-w5-t6-t7-t8-t9-t11-t12-t13-t14-t16-t17--M16-t11-11350-0.6786380442090134-0.719135580754275,t10,t9,-z0-z1-w4-t15-w2-w3-w5-t6-t7-t8-t9-t11-t12-t13-t14-t16-t17-,M16,t11,0.6786380442090134,0.719135580754275,
t6-t9--z0-z1-w4-t15-t10-w5-t7-t8-t14-t12-t17-t13-t9-t16-w2-w3-t11--M16-t17-11359-0.705359483435098-0.7182687541168116,t6,t9,-z0-z1-w4-t15-t10-w5-t7-t8-t14-t12-t17-t13-t9-t16-w2-w3-t11-,M16,t17,0.705359483435098,0.7182687541168116,
t14-t9--z0-z1-w4-t15-t10-w5-t7-t8-w2-w3-t6-t9-t11-t12-t13-t16-t17--M16-t13-11365-0.7136246281164991-0.7174243277320799,t14,t9,-z0-z1-w4-t15-t10-w5-t7-t8-w2-w3-t6-t9-t11-t12-t13-t16-t17-,M16,t13,0.7136246281164991,0.7174243277320799,
t8-t9--z0-z1-w4-t15-t10-w5-t7-w2-w3-t6-t9-t11-t12-t13-t14-t16-t17--M16-t16-11371-0.683945528717745-0.720254398104538,t8,t9,-z0-z1-w4-t15-t10-w5-t7-w2-w3-t6-t9-t11-t12-t13-t14-t16-t17-,M16,t16,0.683945528717745,0.720254398104538,
w2-t9--z0-z1-w4-t15-t10-w5-t7-t8-t14-t12-t17-t13-t9-t16-w3-t6-t11--M16-w3-11404-0.701201696540757-0.7024676327803783,w2,t9,-z0-z1-w4-t15-t10-w5-t7-t8-t14-t12-t17-t13-t9-t16-w3-t6-t11-,M16,w3,0.701201696540757,0.7024676327803783,
w2-t10--z0-z1-w4-t15-t10-w5-t7-t8-t14-t12-t17-t13-t9-t16-w3-t6-t11--M2-w3-11471-0.7100461354946647-0.7106115141525444,w2,t10,-z0-z1-w4-t15-t10-w5-t7-t8-t14-t12-t17-t13-t9-t16-w3-t6-t11-,M2,w3,0.7100461354946647,0.7106115141525444,
w2-t11--z0-z1-w4-t15-t10-w5-t7-t8-t14-t12-t17-t13-t9-t16-w3-t6-t11--M15-w3-11546-0.6881028987882593-0.6904319001453053,w2,t11,-z0-z1-w4-t15-t10-w5-t7-t8-t14-t12-t17-t13-t9-t16-w3-t6-t11-,M15,w3,0.6881028987882593,0.6904319001453053,
w2-z1--z0-z1-w4-t15-t10-w5-t7-t8-t14-t12-t17-t13-t9-t16-w3-t6-t11--M4-w3-11635-0.7117507514601119-0.7120550888889263,w2,z1,-z0-z1-w4-t15-t10-w5-t7-t8-t14-t12-t17-t13-t9-t16-w3-t6-t11-,M4,w3,0.7117507514601119,0.7120550888889263,
w2-t13--z0-z1-w4-t15-t10-w5-t7-t8-t14-t12-t17-t13-t9-t16-w3-t6-t11--M11-w3-11677-0.6881449660196973-0.6899008629906186,w2,t13,-z0-z1-w4-t15-t10-w5-t7-t8-t14-t12-t17-t13-t9-t16-w3-t6-t11-,M11,w3,0.6881449660196973,0.6899008629906186,
w2-t8--z0-z1-w4-t15-t10-w5-t7-t8-t14-t12-t17-t13-t9-t16-w3-t6-t11--M10-w3-11735-0.6991169193171018-0.6998513544285699,w2,t8,-z0-z1-w4-t15-t10-w5-t7-t8-t14-t12-t17-t13-t9-t16-w3-t6-t11-,M10,w3,0.6991169193171018,0.6998513544285699,
t9-t11--z0-z1-w4-t15-t10-w5-t7-t8-t14-t12-t17-t13-w2-w3-t6-t11-t16--M3-w3-11844-0.6844887254993285-0.6849210686956806,t9,t11,-z0-z1-w4-t15-t10-w5-t7-t8-t14-t12-t17-t13-w2-w3-t6-t11-t16-,M3,w3,0.6844887254993285,0.6849210686956806,
w2-t13--z0-z1-w4-t15-t10-w5-t7-t8-t14-t12-t17-t13-t9-t16-w3-t6-t11--M17-t14-11912-0.6839868620894938-0.6915022321966355,w2,t13,-z0-z1-w4-t15-t10-w5-t7-t8-t14-t12-t17-t13-t9-t16-w3-t6-t11-,M17,t14,0.6839868620894938,0.6915022321966355,
t9-t11--z0-z1-w4-t15-t10-w5-t7-t8-t14-t12-t17-t13-w2-w3-t6-t11-t16--M5-w3-11947-0.6826933758415095-0.6831245850422518,t9,t11,-z0-z1-w4-t15-t10-w5-t7-t8-t14-t12-t17-t13-w2-w3-t6-t11-t16-,M5,w3,0.6826933758415095,0.6831245850422518,
w2-t13--z0-z1-w4-t15-t10-w5-t7-t8-t14-t12-t17-t13-t9-t16-w3-t6-t11--M17-t17-12018-0.6825144878954023-0.7005154433541527,w2,t13,-z0-z1-w4-t15-t10-w5-t7-t8-t14-t12-t17-t13-t9-t16-w3-t6-t11-,M17,t17,0.6825144878954023,0.7005154433541527,
t14-t13--z0-z1-w4-t15-t10-w5-t7-t8-w2-w3-t6-t9-t11-t12-t13-t16-t17--M17-t16-12033-0.6899672145688123-0.7054303739620664,t14,t13,-z0-z1-w4-t15-t10-w5-t7-t8-w2-w3-t6-t9-t11-t12-t13-t16-t17-,M17,t16,0.6899672145688123,0.7054303739620664,
t10-t9--z0-z1-w4-t15-w2-w3-w5-t6-t7-t8-t9-t11-t12-t13-t14-t16-t17--M16-w3-12076-0.664975715228249-0.6898569322894509,t10,t9,-z0-z1-w4-t15-w2-w3-w5-t6-t7-t8-t9-t11-t12-t13-t14-t16-t17-,M16,w3,0.664975715228249,0.6898569322894509,
w2-t13--z0-z1-w4-t15-t10-w5-t7-t8-t14-t12-t17-t13-t9-t16-w3-t6-t11--M17-t9-12150-0.681045283185825-0.6842638171542901,w2,t13,-z0-z1-w4-t15-t10-w5-t7-t8-t14-t12-t17-t13-t9-t16-w3-t6-t11-,M17,t9,0.681045283185825,0.6842638171542901,
t15-t10--z0-z1-w4-w2-w3-w5-t6-t7-t8-t9-t10-t11-t12-t13-t14-t16-t17--M2-w3-12206-0.6428161941455536-0.6978546146852862,t15,t10,-z0-z1-w4-w2-w3-w5-t6-t7-t8-t9-t10-t11-t12-t13-t14-t16-t17-,M2,w3,0.6428161941455536,0.6978546146852862,
w2-t13--z0-z1-w4-t15-t10-w5-t7-t8-t14-t12-t17-t13-t9-t16-w3-t6-t11--M17-t6-12272-0.6795792411380184-0.683093452753231,w2,t13,-z0-z1-w4-t15-t10-w5-t7-t8-t14-t12-t17-t13-t9-t16-w3-t6-t11-,M17,t6,0.6795792411380184,0.683093452753231,
t9-t13--z0-z1-w4-t15-t10-w5-t7-t8-t14-t12-t17-t13-w2-w3-t6-t11-t16--M17-t11-12281-0.682744867579714-0.6864086590613465,t9,t13,-z0-z1-w4-t15-t10-w5-t7-t8-t14-t12-t17-t13-w2-w3-t6-t11-t16-,M17,t11,0.682744867579714,0.6864086590613465,
t15-z1--z0-z1-w4-w2-w3-w5-t6-t7-t8-t9-t10-t11-t12-t13-t14-t16-t17--M4-w3-12343-0.6978115551690574-0.7011584393461598,t15,z1,-z0-z1-w4-w2-w3-w5-t6-t7-t8-t9-t10-t11-t12-t13-t14-t16-t17-,M4,w3,0.6978115551690574,0.7011584393461598,
t10-z1--z0-z1-w4-t15-w2-w3-w5-t6-t7-t8-t9-t11-t12-t13-t14-t16-t17--M4-w2-12390-0.698181637107115-0.7003869432941906,t10,z1,-z0-z1-w4-t15-w2-w3-w5-t6-t7-t8-t9-t11-t12-t13-t14-t16-t17-,M4,w2,0.698181637107115,0.7003869432941906,
t15-t13--z0-z1-w4-w2-w3-w5-t6-t7-t8-t9-t10-t11-t12-t13-t14-t16-t17--M11-w3-12426-0.6197850742761994-0.6793432417607905,t15,t13,-z0-z1-w4-w2-w3-w5-t6-t7-t8-t9-t10-t11-t12-t13-t14-t16-t17-,M11,w3,0.6197850742761994,0.6793432417607905,
t10-t8--z0-z1-w4-t15-w2-w3-w5-t6-t7-t8-t9-t11-t12-t13-t14-t16-t17--M10-w2-12457-0.6647571422900326-0.6890212039651171,t10,t8,-z0-z1-w4-t15-w2-w3-w5-t6-t7-t8-t9-t11-t12-t13-t14-t16-t17-,M10,w2,0.6647571422900326,0.6890212039651171,
t8-t11--z0-z1-w4-t15-t10-w5-t7-w2-w3-t6-t9-t11-t12-t13-t14-t16-t17--M15-w3-12492-0.648357698727148-0.6760311710785292,t8,t11,-z0-z1-w4-t15-t10-w5-t7-w2-w3-t6-t9-t11-t12-t13-t14-t16-t17-,M15,w3,0.648357698727148,0.6760311710785292,
t7-t11--z0-z1-w4-t15-t10-w5-w2-w3-t6-t8-t9-t11-t12-t13-t14-t16-t17--M15-w2-12572-0.6381927921773157-0.6727533028724526,t7,t11,-z0-z1-w4-t15-t10-w5-w2-w3-t6-t8-t9-t11-t12-t13-t14-t16-t17-,M15,w2,0.6381927921773157,0.6727533028724526,
t8-t11--z0-z1-w4-t15-t10-w5-t7-w2-w3-t6-t9-t11-t12-t13-t14-t16-t17--M3-w3-12666-0.6466135714114145-0.6742126001969307,t8,t11,-z0-z1-w4-t15-t10-w5-t7-w2-w3-t6-t9-t11-t12-t13-t14-t16-t17-,M3,w3,0.6466135714114145,0.6742126001969307,
w5-z0--z0-z1-w4-t15-t10-w2-w3-t6-t7-t8-t9-t11-t12-t13-t14-t16-t17--M18-t10-12722-0.69457728657115-0.6947942063761057,w5,z0,-z0-z1-w4-t15-t10-w2-w3-t6-t7-t8-t9-t11-t12-t13-t14-t16-t17-,M18,t10,0.69457728657115,0.6947942063761057,
t7-t13--z0-z1-w4-t15-t10-w5-w2-w3-t6-t8-t9-t11-t12-t13-t14-t16-t17--M11-w2-12793-0.6193160122955577-0.6737465636229949,t7,t13,-z0-z1-w4-t15-t10-w5-w2-w3-t6-t8-t9-t11-t12-t13-t14-t16-t17-,M11,w2,0.6193160122955577,0.6737465636229949,
w5-z0--z0-z1-w4-t15-t10-w2-w3-t6-t7-t8-t9-t11-t12-t13-t14-t16-t17--M18-t6-12873-0.6933622143427389-0.696255735715452,w5,z0,-z0-z1-w4-t15-t10-w2-w3-t6-t7-t8-t9-t11-t12-t13-t14-t16-t17-,M18,t6,0.6933622143427389,0.696255735715452,
t10-z0--z0-z1-w4-t15-w2-w3-w5-t6-t7-t8-t9-t11-t12-t13-t14-t16-t17--M18-t9-12888-0.6935787546748327-0.6967836405683396,t10,z0,-z0-z1-w4-t15-w2-w3-w5-t6-t7-t8-t9-t11-t12-t13-t14-t16-t17-,M18,t9,0.6935787546748327,0.6967836405683396,
w2-t13--z0-z1-w4-t15-t10-w5-t7-t8-t14-t12-t17-t13-t9-t16-w3-t6-t11--M17-w3-12950-0.6726585227442111-0.6743749039151476,w2,t13,-z0-z1-w4-t15-t10-w5-t7-t8-t14-t12-t17-t13-t9-t16-w3-t6-t11-,M17,w3,0.6726585227442111,0.6743749039151476,
t10-z0--z0-z1-w4-t15-w2-w3-w5-t6-t7-t8-t9-t11-t12-t13-t14-t16-t17--M18-t7-13023-0.6923654292475334-0.6934872795109358,t10,z0,-z0-z1-w4-t15-w2-w3-w5-t6-t7-t8-t9-t11-t12-t13-t14-t16-t17-,M18,t7,0.6923654292475334,0.6934872795109358,
t9-z0--z0-z1-w4-t15-t10-w5-t7-t8-t14-t12-t17-t13-w2-w3-t6-t11-t16--M18-t14-13036-0.6955647086118323-0.6957516806478928,t9,z0,-z0-z1-w4-t15-t10-w5-t7-t8-t14-t12-t17-t13-w2-w3-t6-t11-t16-,M18,t14,0.6955647086118323,0.6957516806478928,
w5-z0--z0-z1-w4-t15-t10-w2-w3-t6-t7-t8-t9-t11-t12-t13-t14-t16-t17--M18-t8-13059-0.6921492677244634-0.6942618303588829,w5,z0,-z0-z1-w4-t15-t10-w2-w3-t6-t7-t8-t9-t11-t12-t13-t14-t16-t17-,M18,t8,0.6921492677244634,0.6942618303588829,
t6-z0--z0-z1-w4-t15-t10-w5-t7-t8-t14-t12-t17-t13-t9-t16-w2-w3-t11--M18-t12-13072-0.6950377272595232-0.6956457544797459,t6,z0,-z0-z1-w4-t15-t10-w5-t7-t8-t14-t12-t17-t13-t9-t16-w2-w3-t11-,M18,t12,0.6950377272595232,0.6956457544797459,
w2-t8--z0-z1-w4-t15-t10-w5-t7-t8-t14-t12-t17-t13-t9-t16-w3-t6-t11--M10-w3-13122-0.6829694959157239-0.6836869678635525,w2,t8,-z0-z1-w4-t15-t10-w5-t7-t8-t14-t12-t17-t13-t9-t16-w3-t6-t11-,M10,w3,0.6829694959157239,0.6836869678635525,
t6-z0--z0-z1-w4-t15-t10-w5-t7-t8-t14-t12-t17-t13-t9-t16-w2-w3-t11--M18-t17-13157-0.6938218495502764-0.6954522834512337,t6,z0,-z0-z1-w4-t15-t10-w5-t7-t8-t14-t12-t17-t13-t9-t16-w2-w3-t11-,M18,t17,0.6938218495502764,0.6954522834512337,
t9-z0--z0-z1-w4-t15-t10-w5-t7-t8-t14-t12-t17-t13-w2-w3-t6-t11-t16--M18-t13-13169-0.6943479090175506-0.6948611473814184,t9,z0,-z0-z1-w4-t15-t10-w5-t7-t8-t14-t12-t17-t13-w2-w3-t6-t11-t16-,M18,t13,0.6943479090175506,0.6948611473814184,
w5-z0--z0-z1-w4-t15-t10-w2-w3-t6-t7-t8-t9-t11-t12-t13-t14-t16-t17--M18-t11-13183-0.6909384429978461-0.694712795984591,w5,z0,-z0-z1-w4-t15-t10-w2-w3-t6-t7-t8-t9-t11-t12-t13-t14-t16-t17-,M18,t11,0.6909384429978461,0.694712795984591,
t12-z0--z0-z1-w4-t15-t10-w5-t7-t8-t14-w2-w3-t6-t9-t11-t13-t16-t17--M18-t16-13192-0.6944288131063054-0.695416926136995,t12,z0,-z0-z1-w4-t15-t10-w5-t7-t8-t14-w2-w3-t6-t9-t11-t13-t16-t17-,M18,t16,0.6944288131063054,0.695416926136995,
w2-t10--z0-z1-w4-t15-t10-w5-t7-t8-t14-t12-t17-t13-t9-t16-w3-t6-t11--M2-w3-13239-0.6862587302958043-0.6868051680841358,w2,t10,-z0-z1-w4-t15-t10-w5-t7-t8-t14-t12-t17-t13-t9-t16-w3-t6-t11-,M2,w3,0.6862587302958043,0.6868051680841358,
w2-z1--z0-z1-w4-t15-t10-w5-t7-t8-t14-t12-t17-t13-t9-t16-w3-t6-t11--M4-w3-13335-0.6897617466477277-0.6900566818002917,w2,z1,-z0-z1-w4-t15-t10-w5-t7-t8-t14-t12-t17-t13-t9-t16-w3-t6-t11-,M4,w3,0.6897617466477277,0.6900566818002917,
w2-t11--z0-z1-w4-t15-t10-w5-t7-t8-t14-t12-t17-t13-t9-t16-w3-t6-t11--M15-w3-13394-0.6641107756906681-0.6663585716242943,w2,t11,-z0-z1-w4-t15-t10-w5-t7-t8-t14-t12-t17-t13-t9-t16-w3-t6-t11-,M15,w3,0.6641107756906681,0.6663585716242943,
w2-t13--z0-z1-w4-t15-t10-w5-t7-t8-t14-t12-t17-t13-t9-t16-w3-t6-t11--M11-w3-13500-0.6650912765142082-0.6667883488107221,w2,t13,-z0-z1-w4-t15-t10-w5-t7-t8-t14-t12-t17-t13-t9-t16-w3-t6-t11-,M11,w3,0.6650912765142082,0.6667883488107221,
t9-t11--z0-z1-w4-t15-t10-w5-t7-t8-t14-t12-t17-t13-w2-w3-t6-t11-t16--M3-w3-13562-0.6631186430412022-0.6635374882654027,t9,t11,-z0-z1-w4-t15-t10-w5-t7-t8-t14-t12-t17-t13-w2-w3-t6-t11-t16-,M3,w3,0.6631186430412022,0.6635374882654027,
t10-t9--z0-z1-w4-t15-w2-w3-w5-t6-t7-t8-t9-t11-t12-t13-t14-t16-t17--M16-w2-13572-0.6474331891813084-0.6704476088815939,t10,t9,-z0-z1-w4-t15-w2-w3-w5-t6-t7-t8-t9-t11-t12-t13-t14-t16-t17-,M16,w2,0.6474331891813084,0.6704476088815939,
t10-z0--z0-z1-w4-t15-w2-w3-w5-t6-t7-t8-t9-t11-t12-t13-t14-t16-t17--M18-w2-13643-0.6825970096921341-0.6843457225522024,t10,z0,-z0-z1-w4-t15-w2-w3-w5-t6-t7-t8-t9-t11-t12-t13-t14-t16-t17-,M18,w2,0.6825970096921341,0.6843457225522024,
t9-t11--z0-z1-w4-t15-t10-w5-t7-t8-t14-t12-t17-t13-w2-w3-t6-t11-t16--M5-w3-13657-0.6613793451031551-0.6617970917356595,t9,t11,-z0-z1-w4-t15-t10-w5-t7-t8-t14-t12-t17-t13-w2-w3-t6-t11-t16-,M5,w3,0.6613793451031551,0.6617970917356595,
w4-t10--z0-z1-w2-w3-w5-t6-t7-t8-t9-t10-t11-t12-t13-t14-t15-t16-t17--M2-w2-13708-0.5690156865024204-0.6777164844440838,w4,t10,-z0-z1-w2-w3-w5-t6-t7-t8-t9-t10-t11-t12-t13-t14-t15-t16-t17-,M2,w2,0.5690156865024204,0.6777164844440838,
t8-t9--z0-z1-w4-t15-t10-w5-t7-w2-w3-t6-t9-t11-t12-t13-t14-t16-t17--M16-w3-13746-0.6492968303820177-0.6683192517139532,t8,t9,-z0-z1-w4-t15-t10-w5-t7-w2-w3-t6-t9-t11-t12-t13-t14-t16-t17-,M16,w3,0.6492968303820177,0.6683192517139532,
w4-z1--z0-z1-w2-w3-w5-t6-t7-t8-t9-t10-t11-t12-t13-t14-t15-t16-t17--M4-w2-13867-0.6734575725699768-0.6811758967942222,w4,z1,-z0-z1-w2-w3-w5-t6-t7-t8-t9-t10-t11-t12-t13-t14-t15-t16-t17-,M4,w2,0.6734575725699768,0.6811758967942222,
w5-t10--z0-z1-w4-t15-t10-w2-w3-t6-t7-t8-t9-t11-t12-t13-t14-t16-t17--M2-w3-13913-0.668473617483442-0.6760672424408012,w5,t10,-z0-z1-w4-t15-t10-w2-w3-t6-t7-t8-t9-t11-t12-t13-t14-t16-t17-,M2,w3,0.668473617483442,0.6760672424408012,
t10-t8--z0-z1-w4-t15-w2-w3-w5-t6-t7-t8-t9-t11-t12-t13-t14-t16-t17--M10-w2-13947-0.6465233923693726-0.6701219104880282,t10,t8,-z0-z1-w4-t15-w2-w3-w5-t6-t7-t8-t9-t11-t12-t13-t14-t16-t17-,M10,w2,0.6465233923693726,0.6701219104880282,
t8-z1--z0-z1-w4-t15-t10-w5-t7-w2-w3-t6-t9-t11-t12-t13-t14-t16-t17--M19-t6-13967-0.6796574695347205-0.680523630754097,t8,z1,-z0-z1-w4-t15-t10-w5-t7-w2-w3-t6-t9-t11-t12-t13-t14-t16-t17-,M19,t6,0.6796574695347205,0.680523630754097,
w5-z0--z0-z1-w4-t15-t10-w2-w3-t6-t7-t8-t9-t11-t12-t13-t14-t16-t17--M18-w3-13993-0.677165274508603-0.679421446639352,w5,z0,-z0-z1-w4-t15-t10-w2-w3-t6-t7-t8-t9-t11-t12-t13-t14-t16-t17-,M18,w3,0.677165274508603,0.679421446639352,
t8-t11--z0-z1-w4-t15-t10-w5-t7-w2-w3-t6-t9-t11-t12-t13-t14-t16-t17--M15-w2-14016-0.629640248812068-0.6543002247443793,t8,t11,-z0-z1-w4-t15-t10-w5-t7-w2-w3-t6-t9-t11-t12-t13-t14-t16-t17-,M15,w2,0.629640248812068,0.6543002247443793,
t6-z1--z0-z1-w4-t15-t10-w5-t7-t8-t14-t12-t17-t13-t9-t16-w2-w3-t11--M19-t14-14021-0.6793788929966605-0.6800234350297082,t6,z1,-z0-z1-w4-t15-t10-w5-t7-t8-t14-t12-t17-t13-t9-t16-w2-w3-t11-,M19,t14,0.6793788929966605,0.6800234350297082,
w5-z1--z0-z1-w4-t15-t10-w2-w3-t6-t7-t8-t9-t11-t12-t13-t14-t16-t17--M4-w3-14043-0.6755862828672126-0.6780796295416581,w5,z1,-z0-z1-w4-t15-t10-w2-w3-t6-t7-t8-t9-t11-t12-t13-t14-t16-t17-,M4,w3,0.6755862828672126,0.6780796295416581,
t6-z1--z0-z1-w4-t15-t10-w5-t7-t8-t14-t12-t17-t13-t9-t16-w2-w3-t11--M19-t12-14057-0.6782817564060288-0.6788319141559134,t6,z1,-z0-z1-w4-t15-t10-w5-t7-t8-t14-t12-t17-t13-t9-t16-w2-w3-t11-,M19,t12,0.6782817564060288,0.6788319141559134,
t14-z1--z0-z1-w4-t15-t10-w5-t7-t8-w2-w3-t6-t9-t11-t12-t13-t16-t17--M19-t11-14059-0.6788795386727844-0.6791013449636205,t14,z1,-z0-z1-w4-t15-t10-w5-t7-t8-w2-w3-t6-t9-t11-t12-t13-t16-t17-,M19,t11,0.6788795386727844,0.6791013449636205,
w5-t13--z0-z1-w4-t15-t10-w2-w3-t6-t7-t8-t9-t11-t12-t13-t14-t16-t17--M11-w3-14077-0.5908566254709586-0.6569824847781157,w5,t13,-z0-z1-w4-t15-t10-w2-w3-t6-t7-t8-t9-t11-t12-t13-t14-t16-t17-,M11,w3,0.5908566254709586,0.6569824847781157,
t8-z1--z0-z1-w4-t15-t10-w5-t7-w2-w3-t6-t9-t11-t12-t13-t14-t16-t17--M19-w2-14087-0.6767345097749429-0.6767863897426124,t8,z1,-z0-z1-w4-t15-t10-w5-t7-w2-w3-t6-t9-t11-t12-t13-t14-t16-t17-,M19,w2,0.6767345097749429,0.6767863897426124,
t6-z1--z0-z1-w4-t15-t10-w5-t7-t8-t14-t12-t17-t13-t9-t16-w2-w3-t11--M19-t17-14097-0.677186391593577-0.6787878061907895,t6,z1,-z0-z1-w4-t15-t10-w5-t7-t8-t14-t12-t17-t13-t9-t16-w2-w3-t11-,M19,t17,0.677186391593577,0.6787878061907895,
t12-z1--z0-z1-w4-t15-t10-w5-t7-t8-t14-w2-w3-t6-t9-t11-t13-t16-t17--M19-t13-14105-0.6777356608875436-0.6781880224101298,t12,z1,-z0-z1-w4-t15-t10-w5-t7-t8-t14-w2-w3-t6-t9-t11-t13-t16-t17-,M19,t13,0.6777356608875436,0.6781880224101298,
t14-z1--z0-z1-w4-t15-t10-w5-t7-t8-w2-w3-t6-t9-t11-t12-t13-t16-t17--M19-t16-14114-0.6777832084950484-0.6787140764219873,t14,z1,-z0-z1-w4-t15-t10-w5-t7-t8-w2-w3-t6-t9-t11-t12-t13-t16-t17-,M19,t16,0.6777832084950484,0.6787140764219873,
t9-t11--z0-z1-w4-t15-t10-w5-t7-t8-t14-t12-t17-t13-w2-w3-t6-t11-t16--M3-w3-14147-0.6533227483363999-0.6537354061856018,t9,t11,-z0-z1-w4-t15-t10-w5-t7-t8-t14-t12-t17-t13-w2-w3-t6-t11-t16-,M3,w3,0.6533227483363999,0.6537354061856018,
t8-t9--z0-z1-w4-t15-t10-w5-t7-w2-w3-t6-t9-t11-t12-t13-t14-t16-t17--M16-w2-14172-0.6428576457411206-0.6604989662548153,t8,t9,-z0-z1-w4-t15-t10-w5-t7-w2-w3-t6-t9-t11-t12-t13-t14-t16-t17-,M16,w2,0.6428576457411206,0.6604989662548153,
t8-t11--z0-z1-w4-t15-t10-w5-t7-w2-w3-t6-t9-t11-t12-t13-t14-t16-t17--M3-w2-14329-0.62541434800126-0.6499088157525369,t8,t11,-z0-z1-w4-t15-t10-w5-t7-w2-w3-t6-t9-t11-t12-t13-t14-t16-t17-,M3,w2,0.62541434800126,0.6499088157525369,
t9-t11--z0-z1-w4-t15-t10-w5-t7-t8-t14-t12-t17-t13-w2-w3-t6-t11-t16--M5-w3-14358-0.651609144110391-0.6520207195968003,t9,t11,-z0-z1-w4-t15-t10-w5-t7-t8-t14-t12-t17-t13-w2-w3-t6-t11-t16-,M5,w3,0.651609144110391,0.6520207195968003,
t9-t11--z0-z1-w4-t15-t10-w5-t7-t8-t14-t12-t17-t13-w2-w3-t6-t11-t16--M15-w3-14498-0.6500751212902623-0.6504857278427731,t9,t11,-z0-z1-w4-t15-t10-w5-t7-t8-t14-t12-t17-t13-w2-w3-t6-t11-t16-,M15,w3,0.6500751212902623,0.6504857278427731,
t8-t10--z0-z1-w4-t15-t10-w5-t7-w2-w3-t6-t9-t11-t12-t13-t14-t16-t17--M2-w2-14544-0.6654704057050365-0.6670757327894106,t8,t10,-z0-z1-w4-t15-t10-w5-t7-w2-w3-t6-t9-t11-t12-t13-t14-t16-t17-,M2,w2,0.6654704057050365,0.6670757327894106,
z1-t10--z0-w2-w3-w4-w5-t6-t7-t8-t9-t10-t11-t12-t13-t14-t15-t16-t17--M2-w3-14673-0.5357404632416534-0.6659006676034405,z1,t10,-z0-w2-w3-w4-w5-t6-t7-t8-t9-t10-t11-t12-t13-t14-t15-t16-t17-,M2,w3,0.5357404632416534,0.6659006676034405,
t6-z1--z0-z1-w4-t15-t10-w5-t7-t8-t14-t12-t17-t13-t9-t16-w2-w3-t11--M19-t9-14677-0.671374251374117-0.671868633302911,t6,z1,-z0-z1-w4-t15-t10-w5-t7-t8-t14-t12-t17-t13-t9-t16-w2-w3-t11-,M19,t9,0.671374251374117,0.671868633302911,
t8-z1--z0-z1-w4-t15-t10-w5-t7-w2-w3-t6-t9-t11-t12-t13-t14-t16-t17--M4-w2-14693-0.6704294326819479-0.6704808292884307,t8,z1,-z0-z1-w4-t15-t10-w5-t7-w2-w3-t6-t9-t11-t12-t13-t14-t16-t17-,M4,w2,0.6704294326819479,0.6704808292884307,
w5-t6--z0-z1-w4-t15-t10-w2-w3-t6-t7-t8-t9-t11-t12-t13-t14-t16-t17--M20-t10-14700-0.6340765210805965-0.6447169978124743,w5,t6,-z0-z1-w4-t15-t10-w2-w3-t6-t7-t8-t9-t11-t12-t13-t14-t16-t17-,M20,t10,0.6340765210805965,0.6447169978124743,
t8-t13--z0-z1-w4-t15-t10-w5-t7-w2-w3-t6-t9-t11-t12-t13-t14-t16-t17--M11-w2-14727-0.6060293936197816-0.6482437939700343,t8,t13,-z0-z1-w4-t15-t10-w5-t7-w2-w3-t6-t9-t11-t12-t13-t14-t16-t17-,M11,w2,0.6060293936197816,0.6482437939700343,
t10-t6--z0-z1-w4-t15-w2-w3-w5-t6-t7-t8-t9-t11-t12-t13-t14-t16-t17--M20-t7-14742-0.6433724820714323-0.6579144967240674,t10,t6,-z0-z1-w4-t15-w2-w3-w5-t6-t7-t8-t9-t11-t12-t13-t14-t16-t17-,M20,t7,0.6433724820714323,0.6579144967240674,
t8-t11--z0-z1-w4-t15-t10-w5-t7-w2-w3-t6-t9-t11-t12-t13-t14-t16-t17--M15-w2-14770-0.6202553678574786-0.6445477832043532,t8,t11,-z0-z1-w4-t15-t10-w5-t7-w2-w3-t6-t9-t11-t12-t13-t14-t16-t17-,M15,w2,0.6202553678574786,0.6445477832043532,
w5-z0--z0-z1-w4-t15-t10-w2-w3-t6-t7-t8-t9-t11-t12-t13-t14-t16-t17--M18-w3-14802-0.6659050706547566-0.6681237261568812,w5,z0,-z0-z1-w4-t15-t10-w2-w3-t6-t7-t8-t9-t11-t12-t13-t14-t16-t17-,M18,w3,0.6659050706547566,0.6681237261568812,
t10-t6--z0-z1-w4-t15-w2-w3-w5-t6-t7-t8-t9-t11-t12-t13-t14-t16-t17--M20-t9-14811-0.6420307702313295-0.6669933706105665,t10,t6,-z0-z1-w4-t15-w2-w3-w5-t6-t7-t8-t9-t11-t12-t13-t14-t16-t17-,M20,t9,0.6420307702313295,0.6669933706105665,
t7-t6--z0-z1-w4-t15-t10-w5-w2-w3-t6-t8-t9-t11-t12-t13-t14-t16-t17--M20-t11-14812-0.6565424584497729-0.6683563678334655,t7,t6,-z0-z1-w4-t15-t10-w5-w2-w3-t6-t8-t9-t11-t12-t13-t14-t16-t17-,M20,t11,0.6565424584497729,0.6683563678334655,
t8-z1--z0-z1-w4-t15-t10-w5-t7-w2-w3-t6-t9-t11-t12-t13-t14-t16-t17--M19-w2-14846-0.6666476819012757-0.6666987885903605,t8,z1,-z0-z1-w4-t15-t10-w5-t7-w2-w3-t6-t9-t11-t12-t13-t14-t16-t17-,M19,w2,0.6666476819012757,0.6666987885903605,
w5-z1--z0-z1-w4-t15-t10-w2-w3-t6-t7-t8-t9-t11-t12-t13-t14-t16-t17--M4-w3-14863-0.6643523351851386-0.6668042213876888,w5,z1,-z0-z1-w4-t15-t10-w2-w3-t6-t7-t8-t9-t11-t12-t13-t14-t16-t17-,M4,w3,0.6643523351851386,0.6668042213876888,
t10-t6--z0-z1-w4-t15-w2-w3-w5-t6-t7-t8-t9-t11-t12-t13-t14-t16-t17--M20-t12-14873-0.6406918564447837-0.6644040167163807,t10,t6,-z0-z1-w4-t15-w2-w3-w5-t6-t7-t8-t9-t11-t12-t13-t14-t16-t17-,M20,t12,0.6406918564447837,0.6644040167163807,
t7-t6--z0-z1-w4-t15-t10-w5-w2-w3-t6-t8-t9-t11-t12-t13-t14-t16-t17--M20-t13-14885-0.6551732814728589-0.666117587043065,t7,t6,-z0-z1-w4-t15-t10-w5-w2-w3-t6-t8-t9-t11-t12-t13-t14-t16-t17-,M20,t13,0.6551732814728589,0.666117587043065,
t9-t6--z0-z1-w4-t15-t10-w5-t7-t8-t14-t12-t17-t13-w2-w3-t6-t11-t16--M20-t17-14890-0.6656023989299983-0.6667841556283292,t9,t6,-z0-z1-w4-t15-t10-w5-t7-t8-t14-t12-t17-t13-w2-w3-t6-t11-t16-,M20,t17,0.6656023989299983,0.6667841556283292,
t11-t6--z0-z1-w4-t15-t10-w5-t7-t8-t14-t12-t17-t13-t9-t16-w2-w3-t6--M20-t16-14900-0.6669625537100466-0.6675116846690352,t11,t6,-z0-z1-w4-t15-t10-w5-t7-t8-t14-t12-t17-t13-t9-t16-w2-w3-t6-,M20,t16,0.6669625537100466,0.6675116846690352,
t8-t9--z0-z1-w4-t15-t10-w5-t7-w2-w3-t6-t9-t11-t12-t13-t14-t16-t17--M16-w2-14918-0.6332757575320825-0.6506541315565476,t8,t9,-z0-z1-w4-t15-t10-w5-t7-w2-w3-t6-t9-t11-t12-t13-t14-t16-t17-,M16,w2,0.6332757575320825,0.6506541315565476,
w5-t6--z0-z1-w4-t15-t10-w2-w3-t6-t7-t8-t9-t11-t12-t13-t14-t16-t17--M20-w3-14932-0.6294392388010652-0.654271847205249,w5,t6,-z0-z1-w4-t15-t10-w2-w3-t6-t7-t8-t9-t11-t12-t13-t14-t16-t17-,M20,w3,0.6294392388010652,0.654271847205249,
t7-t6--z0-z1-w4-t15-t10-w5-w2-w3-t6-t8-t9-t11-t12-t13-t14-t16-t17--M20-t14-14954-0.6538069598262742-0.662432010617523,t7,t6,-z0-z1-w4-t15-t10-w5-w2-w3-t6-t8-t9-t11-t12-t13-t14-t16-t17-,M20,t14,0.6538069598262742,0.662432010617523,
w5-t13--z0-z1-w4-t15-t10-w2-w3-t6-t7-t8-t9-t11-t12-t13-t14-t16-t17--M11-w3-14991-0.5798198960788628-0.6447105771997547,w5,t13,-z0-z1-w4-t15-t10-w2-w3-t6-t7-t8-t9-t11-t12-t13-t14-t16-t17-,M11,w3,0.5798198960788628,0.6447105771997547,
t8-t11--z0-z1-w4-t15-t10-w5-t7-w2-w3-t6-t9-t11-t12-t13-t14-t16-t17--M3-w2-15013-0.6160924547227444-0.6402218288124815,t8,t11,-z0-z1-w4-t15-t10-w5-t7-w2-w3-t6-t9-t11-t12-t13-t14-t16-t17-,M3,w2,0.6160924547227444,0.6402218288124815,
t10-t9--z0-z1-w4-t15-w2-w3-w5-t6-t7-t8-t9-t11-t12-t13-t14-t16-t17--M16-w3-15055-0.6259541241430474-0.6493752808507249,t10,t9,-z0-z1-w4-t15-w2-w3-w5-t6-t7-t8-t9-t11-t12-t13-t14-t16-t17-,M16,w3,0.6259541241430474,0.6493752808507249,
